model,accuracy,balanced_acc,mcc,precision,recall,f1,roc_auc
LSTM_baseline,0.5048543689320388,0.4373536299765808,-0.17455347699078372,0.5568181818181818,0.8032786885245902,0.6577181208053691,0.45081967213114754
LSTM_attention,0.6019417475728155,0.5156128024980484,0.09125145477722066,0.6,0.9836065573770492,0.7453416149068324,0.4992193598750976
